dataset,n,d,SmallGP,MLP_100,MLP_wide,KNN_k5,RF_100,SmallGBM,XGBoost,LightGBM
diabetes,442,10,65.98235482330134,45.15244438930928,46.78019407490652,46.75800306435137,46.69252706843718,61.49899542780812,47.60989381071253,46.03793764491995
diabetes_50,50,10,62.55811170258513,45.04447089582822,45.554462382725475,36.267999999999994,42.5816,63.0943498587048,42.30767562866211,52.543969053045984
diabetes_100,100,10,62.61091094452439,56.70691645549031,51.94920358898438,51.05200000000001,47.358900000000006,62.01684036492096,49.598073997497565,46.30758797530973
diabetes_200,200,10,67.23481653667561,54.13285551548945,52.20666172955284,51.74499999999999,49.57485,65.27871127471754,55.17603406906128,52.87831682258967
friedman1_100,100,10,4.031706474080261,2.398080928836408,2.4535379539189797,2.8211755511934875,2.275289889126098,2.0241482126888024,2.104591817251537,2.1052549277627484
friedman2_100,100,4,308.4871901972613,257.2550556240318,46.769191489243624,108.61855190684814,60.32859746124908,318.5146232252955,53.02908676221175,90.11829360692298
friedman3_100,100,4,0.22034819764526797,0.2524136024003448,0.14385592274852596,0.13383566697074362,0.12789289372061313,0.12104994061936139,0.1413659008905923,0.16084859428507262
friedman1_300,300,10,4.145373122169821,1.4985299775472412,1.4454872151926,2.350537811880659,1.6594326703540347,1.4113207054625794,1.2412890078022067,1.066085870779988
friedman2_300,300,4,307.96719985777844,76.06157745704594,17.85192891122102,76.37028777972436,30.330245554122268,310.45824100862876,26.627686772534833,32.8515374681242
friedman3_300,300,4,0.2432440866696146,0.1562673714060316,0.11017575587066566,0.1375086383561233,0.10793469388988515,0.1079624183917682,0.11072513818352969,0.1150790148201161
friedman1_500,500,10,4.056084674599711,1.3194438467319567,0.8919681680757445,2.2131110340247995,1.526114727011492,1.2843569098561463,1.0352295167889438,0.9535051332706261
friedman2_500,500,4,302.23584715426557,69.83948909922206,9.074369846393399,56.43276380964257,20.536635123186635,300.45253549198276,21.46315823264076,23.15163814754571
friedman3_500,500,4,0.2457618940917941,0.14685086581000678,0.10766887382494568,0.13311927978038085,0.10036329090007194,0.09761378139554884,0.09497107919557408,0.09995818787729398
mreg_100x20_inf5,100,20,76.05028763546622,28.30969713399737,24.008139848896416,58.336180163485565,34.391310675623316,75.28504139506326,28.707102960136677,33.699881737760464
mreg_300x30_inf8,300,30,125.85666283914631,14.751626541234817,14.433568298319335,99.18687366854579,75.33782323880905,125.59615215427709,51.156253414514595,45.848405276873514
mreg_500x40_inf10,500,40,160.59848267065985,16.85351986145774,19.057178562744028,122.4617572505058,85.61394214545987,160.1787017159266,52.86064000412648,50.780846130333785
synth_sin_80x5,80,5,0.7114676380529781,0.6354553071565119,0.6759806732614116,0.6808136978843731,0.44131034136665875,0.3746761666661488,0.3257478024284676,0.6157610896675486
synth_sin_100x10,100,10,0.7194942946214835,0.8286323454489203,0.7895654802680404,0.7357342512453433,0.5812213193382416,0.46859384555406436,0.40086012705299695,0.559413864793105
synth_sin_150x10,150,10,0.74956387424115,0.8585360988548164,0.8384880628594598,0.7678642664439055,0.481676024483184,0.39040338474132313,0.30168084332553996,0.389043092941421
synth_sin_200x20,200,20,0.6815719252776578,0.7063745461435955,0.6577177961036421,0.6462184575657203,0.35413096153569734,0.30691417211079164,0.22301386386473063,0.28511445487384085
synth_poly_300x15,300,15,1.2151251063889714,0.539583982122281,0.5392314523603299,1.082901866799689,0.7381575089754023,0.7837688141703941,0.7442681556809789,0.788927014274728
synth_poly_500x20,500,20,1.237396256844231,0.5394869937921782,0.5330596348938755,1.0994487565546016,0.682768439852367,0.7616297493883343,0.6800908492319063,0.7066725279386942
